date,year,month,month_name,mode,patronage,network_group
2018-01-01,2018,1,January,Metropolitan Train,16809932,Metropolitan
2018-02-01,2018,2,February,Metropolitan Train,19554477,Metropolitan
2018-03-01,2018,3,March,Metropolitan Train,22659010,Metropolitan
2018-04-01,2018,4,April,Metropolitan Train,20312040,Metropolitan
2018-05-01,2018,5,May,Metropolitan Train,22768447,Metropolitan
2018-06-01,2018,6,June,Metropolitan Train,19284755,Metropolitan
2018-07-01,2018,7,July,Metropolitan Train,20732099,Metropolitan
2018-08-01,2018,8,August,Metropolitan Train,22566766,Metropolitan
2018-09-01,2018,9,September,Metropolitan Train,20056487,Metropolitan
2018-10-01,2018,10,October,Metropolitan Train,22299761,Metropolitan
2018-11-01,2018,11,November,Metropolitan Train,20806123,Metropolitan
2018-12-01,2018,12,December,Metropolitan Train,16665365,Metropolitan
2019-01-01,2019,1,January,Metropolitan Train,17074623,Metropolitan
2019-02-01,2019,2,February,Metropolitan Train,20011823,Metropolitan
2019-03-01,2019,3,March,Metropolitan Train,22250796,Metropolitan
2019-04-01,2019,4,April,Metropolitan Train,18579825,Metropolitan
2019-05-01,2019,5,May,Metropolitan Train,23045436,Metropolitan
2019-06-01,2019,6,June,Metropolitan Train,19099513,Metropolitan
2019-07-01,2019,7,July,Metropolitan Train,20771347,Metropolitan
2019-08-01,2019,8,August,Metropolitan Train,22618021,Metropolitan
2019-09-01,2019,9,September,Metropolitan Train,20593343,Metropolitan
2019-10-01,2019,10,October,Metropolitan Train,22429337,Metropolitan
2019-11-01,2019,11,November,Metropolitan Train,20413342,Metropolitan
2019-12-01,2019,12,December,Metropolitan Train,17890229,Metropolitan
2020-01-01,2020,1,January,Metropolitan Train,17015987,Metropolitan
2020-02-01,2020,2,February,Metropolitan Train,19811543,Metropolitan
2020-03-01,2020,3,March,Metropolitan Train,13746958,Metropolitan
2020-04-01,2020,4,April,Metropolitan Train,2165747,Metropolitan
2020-05-01,2020,5,May,Metropolitan Train,3670296,Metropolitan
2020-06-01,2020,6,June,Metropolitan Train,6432121,Metropolitan
2020-07-01,2020,7,July,Metropolitan Train,3963903,Metropolitan
2020-08-01,2020,8,August,Metropolitan Train,1887499,Metropolitan
2020-09-01,2020,9,September,Metropolitan Train,1931257,Metropolitan
2020-10-01,2020,10,October,Metropolitan Train,3388960,Metropolitan
2020-11-01,2020,11,November,Metropolitan Train,6439402,Metropolitan
2020-12-01,2020,12,December,Metropolitan Train,7868276,Metropolitan
2021-01-01,2021,1,January,Metropolitan Train,7231312,Metropolitan
2021-02-01,2021,2,February,Metropolitan Train,7822660,Metropolitan
2021-03-01,2021,3,March,Metropolitan Train,11852314,Metropolitan
2021-04-01,2021,4,April,Metropolitan Train,11632636,Metropolitan
2021-05-01,2021,5,May,Metropolitan Train,11375712,Metropolitan
2021-06-01,2021,6,June,Metropolitan Train,6321515,Metropolitan
2021-07-01,2021,7,July,Metropolitan Train,7512489,Metropolitan
2021-08-01,2021,8,August,Metropolitan Train,3954587,Metropolitan
2021-09-01,2021,9,September,Metropolitan Train,2769485,Metropolitan
2021-10-01,2021,10,October,Metropolitan Train,3995863,Metropolitan
2021-11-01,2021,11,November,Metropolitan Train,8341146,Metropolitan
2021-12-01,2021,12,December,Metropolitan Train,9127862,Metropolitan
2022-01-01,2022,1,January,Metropolitan Train,5778986,Metropolitan
2022-02-01,2022,2,February,Metropolitan Train,8382008,Metropolitan
2022-03-01,2022,3,March,Metropolitan Train,13045722,Metropolitan
2022-04-01,2022,4,April,Metropolitan Train,11890697,Metropolitan
2022-05-01,2022,5,May,Metropolitan Train,12833409,Metropolitan
2022-06-01,2022,6,June,Metropolitan Train,11842624,Metropolitan
2022-07-01,2022,7,July,Metropolitan Train,12019600,Metropolitan
2022-08-01,2022,8,August,Metropolitan Train,13095346,Metropolitan
2022-09-01,2022,9,September,Metropolitan Train,12936260,Metropolitan
2022-10-01,2022,10,October,Metropolitan Train,12909284,Metropolitan
2022-11-01,2022,11,November,Metropolitan Train,13072188,Metropolitan
2022-12-01,2022,12,December,Metropolitan Train,11867965,Metropolitan
2023-01-01,2023,1,January,Metropolitan Train,10109375,Metropolitan
2023-02-01,2023,2,February,Metropolitan Train,12831622,Metropolitan
2023-03-01,2023,3,March,Metropolitan Train,16527142,Metropolitan
2023-04-01,2023,4,April,Metropolitan Train,13288137,Metropolitan
2023-05-01,2023,5,May,Metropolitan Train,15312507,Metropolitan
2023-06-01,2023,6,June,Metropolitan Train,13115087,Metropolitan
2023-07-01,2023,7,July,Metropolitan Train,14020167,Metropolitan
2023-08-01,2023,8,August,Metropolitan Train,16437412,Metropolitan
2023-09-01,2023,9,September,Metropolitan Train,14847177,Metropolitan
2023-10-01,2023,10,October,Metropolitan Train,15199277,Metropolitan
2023-11-01,2023,11,November,Metropolitan Train,14653512,Metropolitan
2023-12-01,2023,12,December,Metropolitan Train,13516661,Metropolitan
2024-01-01,2024,1,January,Metropolitan Train,13254775,Metropolitan
2024-02-01,2024,2,February,Metropolitan Train,15828610,Metropolitan
2024-03-01,2024,3,March,Metropolitan Train,17171572,Metropolitan
2024-04-01,2024,4,April,Metropolitan Train,15943432,Metropolitan
2024-05-01,2024,5,May,Metropolitan Train,17201139,Metropolitan
2024-06-01,2024,6,June,Metropolitan Train,14454677,Metropolitan
2024-07-01,2024,7,July,Metropolitan Train,15901814,Metropolitan
2024-08-01,2024,8,August,Metropolitan Train,17273609,Metropolitan
2024-09-01,2024,9,September,Metropolitan Train,15323401,Metropolitan
2024-10-01,2024,10,October,Metropolitan Train,16934209,Metropolitan
2024-11-01,2024,11,November,Metropolitan Train,14968410,Metropolitan
2024-12-01,2024,12,December,Metropolitan Train,13603360,Metropolitan
2025-01-01,2025,1,January,Metropolitan Train,13379440,Metropolitan
2025-02-01,2025,2,February,Metropolitan Train,14514256,Metropolitan
2025-03-01,2025,3,March,Metropolitan Train,17994138,Metropolitan
2025-04-01,2025,4,April,Metropolitan Train,15480989,Metropolitan
2025-05-01,2025,5,May,Metropolitan Train,17588793,Metropolitan
2025-06-01,2025,6,June,Metropolitan Train,14442545,Metropolitan
2025-07-01,2025,7,July,Metropolitan Train,15451503,Metropolitan
2025-08-01,2025,8,August,Metropolitan Train,16189046,Metropolitan
2025-09-01,2025,9,September,Metropolitan Train,14998479,Metropolitan
2025-10-01,2025,10,October,Metropolitan Train,15977164,Metropolitan
2025-11-01,2025,11,November,Metropolitan Train,14297664,Metropolitan
2025-12-01,2025,12,December,Metropolitan Train,14894850,Metropolitan
2026-01-01,2026,1,January,Metropolitan Train,14263509,Metropolitan
2026-02-01,2026,2,February,Metropolitan Train,15646464,Metropolitan
2026-03-01,2026,3,March,Metropolitan Train,19839890,Metropolitan
2026-04-01,2026,4,April,Metropolitan Train,22346784,Metropolitan
2026-05-01,2026,5,May,Metropolitan Train,21639441,Metropolitan
2026-06-01,2026,6,June,Metropolitan Train,16766074,Metropolitan
2018-01-01,2018,1,January,Metropolitan Tram,15231368,Metropolitan
2018-02-01,2018,2,February,Metropolitan Tram,16980925,Metropolitan
2018-03-01,2018,3,March,Metropolitan Tram,19832126,Metropolitan
2018-04-01,2018,4,April,Metropolitan Tram,16919872,Metropolitan
2018-05-01,2018,5,May,Metropolitan Tram,17691427,Metropolitan
2018-06-01,2018,6,June,Metropolitan Tram,15836171,Metropolitan
2018-07-01,2018,7,July,Metropolitan Tram,17169239,Metropolitan
2018-08-01,2018,8,August,Metropolitan Tram,18415592,Metropolitan
2018-09-01,2018,9,September,Metropolitan Tram,15892774,Metropolitan
2018-10-01,2018,10,October,Metropolitan Tram,18677490,Metropolitan
2018-11-01,2018,11,November,Metropolitan Tram,17398998,Metropolitan
2018-12-01,2018,12,December,Metropolitan Tram,15404107,Metropolitan
2019-01-01,2019,1,January,Metropolitan Tram,15695535,Metropolitan
2019-02-01,2019,2,February,Metropolitan Tram,16485000,Metropolitan
2019-03-01,2019,3,March,Metropolitan Tram,19456794,Metropolitan
2019-04-01,2019,4,April,Metropolitan Tram,17400302,Metropolitan
2019-05-01,2019,5,May,Metropolitan Tram,18410816,Metropolitan
2019-06-01,2019,6,June,Metropolitan Tram,15041547,Metropolitan
2019-07-01,2019,7,July,Metropolitan Tram,16784796,Metropolitan
2019-08-01,2019,8,August,Metropolitan Tram,17578879,Metropolitan
2019-09-01,2019,9,September,Metropolitan Tram,15733247,Metropolitan
2019-10-01,2019,10,October,Metropolitan Tram,16917616,Metropolitan
2019-11-01,2019,11,November,Metropolitan Tram,15344062,Metropolitan
2019-12-01,2019,12,December,Metropolitan Tram,13736921,Metropolitan
2020-01-01,2020,1,January,Metropolitan Tram,13396238,Metropolitan
2020-02-01,2020,2,February,Metropolitan Tram,14656787,Metropolitan
2020-03-01,2020,3,March,Metropolitan Tram,9602985,Metropolitan
2020-04-01,2020,4,April,Metropolitan Tram,1376119,Metropolitan
2020-05-01,2020,5,May,Metropolitan Tram,2587250,Metropolitan
2020-06-01,2020,6,June,Metropolitan Tram,4080847,Metropolitan
2020-07-01,2020,7,July,Metropolitan Tram,2505061,Metropolitan
2020-08-01,2020,8,August,Metropolitan Tram,1224017,Metropolitan
2020-09-01,2020,9,September,Metropolitan Tram,1245928,Metropolitan
2020-10-01,2020,10,October,Metropolitan Tram,2130346,Metropolitan
2020-11-01,2020,11,November,Metropolitan Tram,4511166,Metropolitan
2020-12-01,2020,12,December,Metropolitan Tram,5995164,Metropolitan
2021-01-01,2021,1,January,Metropolitan Tram,5553277,Metropolitan
2021-02-01,2021,2,February,Metropolitan Tram,5882295,Metropolitan
2021-03-01,2021,3,March,Metropolitan Tram,8750223,Metropolitan
2021-04-01,2021,4,April,Metropolitan Tram,9123455,Metropolitan
2021-05-01,2021,5,May,Metropolitan Tram,8761433,Metropolitan
2021-06-01,2021,6,June,Metropolitan Tram,4557256,Metropolitan
2021-07-01,2021,7,July,Metropolitan Tram,5093722,Metropolitan
2021-08-01,2021,8,August,Metropolitan Tram,2686330,Metropolitan
2021-09-01,2021,9,September,Metropolitan Tram,1910362,Metropolitan
2021-10-01,2021,10,October,Metropolitan Tram,3102681,Metropolitan
2021-11-01,2021,11,November,Metropolitan Tram,7034365,Metropolitan
2021-12-01,2021,12,December,Metropolitan Tram,8359146,Metropolitan
2022-01-01,2022,1,January,Metropolitan Tram,5372999,Metropolitan
2022-02-01,2022,2,February,Metropolitan Tram,7962117,Metropolitan
2022-03-01,2022,3,March,Metropolitan Tram,11614262,Metropolitan
2022-04-01,2022,4,April,Metropolitan Tram,10065400,Metropolitan
2022-05-01,2022,5,May,Metropolitan Tram,10150913,Metropolitan
2022-06-01,2022,6,June,Metropolitan Tram,9590565,Metropolitan
2022-07-01,2022,7,July,Metropolitan Tram,11129287,Metropolitan
2022-08-01,2022,8,August,Metropolitan Tram,12361088,Metropolitan
2022-09-01,2022,9,September,Metropolitan Tram,11791504,Metropolitan
2022-10-01,2022,10,October,Metropolitan Tram,12080170,Metropolitan
2022-11-01,2022,11,November,Metropolitan Tram,12137205,Metropolitan
2022-12-01,2022,12,December,Metropolitan Tram,10945095,Metropolitan
2023-01-01,2023,1,January,Metropolitan Tram,12245668,Metropolitan
2023-02-01,2023,2,February,Metropolitan Tram,12894448,Metropolitan
2023-03-01,2023,3,March,Metropolitan Tram,15292063,Metropolitan
2023-04-01,2023,4,April,Metropolitan Tram,12402173,Metropolitan
2023-05-01,2023,5,May,Metropolitan Tram,12760569,Metropolitan
2023-06-01,2023,6,June,Metropolitan Tram,11602791,Metropolitan
2023-07-01,2023,7,July,Metropolitan Tram,12335062,Metropolitan
2023-08-01,2023,8,August,Metropolitan Tram,13280460,Metropolitan
2023-09-01,2023,9,September,Metropolitan Tram,12149257,Metropolitan
2023-10-01,2023,10,October,Metropolitan Tram,12453509,Metropolitan
2023-11-01,2023,11,November,Metropolitan Tram,12503061,Metropolitan
2023-12-01,2023,12,December,Metropolitan Tram,12173168,Metropolitan
2024-01-01,2024,1,January,Metropolitan Tram,11821351,Metropolitan
2024-02-01,2024,2,February,Metropolitan Tram,13427105,Metropolitan
2024-03-01,2024,3,March,Metropolitan Tram,14840535,Metropolitan
2024-04-01,2024,4,April,Metropolitan Tram,14241713,Metropolitan
2024-05-01,2024,5,May,Metropolitan Tram,13914626,Metropolitan
2024-06-01,2024,6,June,Metropolitan Tram,11656478,Metropolitan
2024-07-01,2024,7,July,Metropolitan Tram,13019738,Metropolitan
2024-08-01,2024,8,August,Metropolitan Tram,13714916,Metropolitan
2024-09-01,2024,9,September,Metropolitan Tram,11695377,Metropolitan
2024-10-01,2024,10,October,Metropolitan Tram,14575255,Metropolitan
2024-11-01,2024,11,November,Metropolitan Tram,13548253,Metropolitan
2024-12-01,2024,12,December,Metropolitan Tram,13101396,Metropolitan
2025-01-01,2025,1,January,Metropolitan Tram,12523366,Metropolitan
2025-02-01,2025,2,February,Metropolitan Tram,13058985,Metropolitan
2025-03-01,2025,3,March,Metropolitan Tram,15300456,Metropolitan
2025-04-01,2025,4,April,Metropolitan Tram,13414808,Metropolitan
2025-05-01,2025,5,May,Metropolitan Tram,14443916,Metropolitan
2025-06-01,2025,6,June,Metropolitan Tram,11792860,Metropolitan
2025-07-01,2025,7,July,Metropolitan Tram,12651420,Metropolitan
2025-08-01,2025,8,August,Metropolitan Tram,12233414,Metropolitan
2025-09-01,2025,9,September,Metropolitan Tram,11515404,Metropolitan
2025-10-01,2025,10,October,Metropolitan Tram,12402127,Metropolitan
2025-11-01,2025,11,November,Metropolitan Tram,12265500,Metropolitan
2025-12-01,2025,12,December,Metropolitan Tram,12069311,Metropolitan
2026-01-01,2026,1,January,Metropolitan Tram,12454180,Metropolitan
2026-02-01,2026,2,February,Metropolitan Tram,12568329,Metropolitan
2026-03-01,2026,3,March,Metropolitan Tram,14693923,Metropolitan
2026-04-01,2026,4,April,Metropolitan Tram,14820403,Metropolitan
2026-05-01,2026,5,May,Metropolitan Tram,15092960,Metropolitan
2026-06-01,2026,6,June,Metropolitan Tram,12536551,Metropolitan
2018-01-01,2018,1,January,Metropolitan Bus,7568547,Metropolitan
2018-02-01,2018,2,February,Metropolitan Bus,10487311,Metropolitan
2018-03-01,2018,3,March,Metropolitan Bus,11528895,Metropolitan
2018-04-01,2018,4,April,Metropolitan Bus,9592750,Metropolitan
2018-05-01,2018,5,May,Metropolitan Bus,11263486,Metropolitan
2018-06-01,2018,6,June,Metropolitan Bus,9526795,Metropolitan
2018-07-01,2018,7,July,Metropolitan Bus,9657327,Metropolitan
2018-08-01,2018,8,August,Metropolitan Bus,11756706,Metropolitan
2018-09-01,2018,9,September,Metropolitan Bus,9878596,Metropolitan
2018-10-01,2018,10,October,Metropolitan Bus,11233979,Metropolitan
2018-11-01,2018,11,November,Metropolitan Bus,10367915,Metropolitan
2018-12-01,2018,12,December,Metropolitan Bus,7941245,Metropolitan
2019-01-01,2019,1,January,Metropolitan Bus,7845144,Metropolitan
2019-02-01,2019,2,February,Metropolitan Bus,10105546,Metropolitan
2019-03-01,2019,3,March,Metropolitan Bus,11775566,Metropolitan
2019-04-01,2019,4,April,Metropolitan Bus,9667587,Metropolitan
2019-05-01,2019,5,May,Metropolitan Bus,12082141,Metropolitan
2019-06-01,2019,6,June,Metropolitan Bus,9515676,Metropolitan
2019-07-01,2019,7,July,Metropolitan Bus,10417277,Metropolitan
2019-08-01,2019,8,August,Metropolitan Bus,11485155,Metropolitan
2019-09-01,2019,9,September,Metropolitan Bus,10238956,Metropolitan
2019-10-01,2019,10,October,Metropolitan Bus,11294945,Metropolitan
2019-11-01,2019,11,November,Metropolitan Bus,10405336,Metropolitan
2019-12-01,2019,12,December,Metropolitan Bus,8858522,Metropolitan
2020-01-01,2020,1,January,Metropolitan Bus,8369145,Metropolitan
2020-02-01,2020,2,February,Metropolitan Bus,10407862,Metropolitan
2020-03-01,2020,3,March,Metropolitan Bus,7600641,Metropolitan
2020-04-01,2020,4,April,Metropolitan Bus,1507175,Metropolitan
2020-05-01,2020,5,May,Metropolitan Bus,2539068,Metropolitan
2020-06-01,2020,6,June,Metropolitan Bus,4752862,Metropolitan
2020-07-01,2020,7,July,Metropolitan Bus,3170618,Metropolitan
2020-08-01,2020,8,August,Metropolitan Bus,1793958,Metropolitan
2020-09-01,2020,9,September,Metropolitan Bus,2038847,Metropolitan
2020-10-01,2020,10,October,Metropolitan Bus,3769166,Metropolitan
2020-11-01,2020,11,November,Metropolitan Bus,5795635,Metropolitan
2020-12-01,2020,12,December,Metropolitan Bus,5885341,Metropolitan
2021-01-01,2021,1,January,Metropolitan Bus,4805284,Metropolitan
2021-02-01,2021,2,February,Metropolitan Bus,5617752,Metropolitan
2021-03-01,2021,3,March,Metropolitan Bus,7645169,Metropolitan
2021-04-01,2021,4,April,Metropolitan Bus,6628991,Metropolitan
2021-05-01,2021,5,May,Metropolitan Bus,6962665,Metropolitan
2021-06-01,2021,6,June,Metropolitan Bus,4452322,Metropolitan
2021-07-01,2021,7,July,Metropolitan Bus,4722392,Metropolitan
2021-08-01,2021,8,August,Metropolitan Bus,3102190,Metropolitan
2021-09-01,2021,9,September,Metropolitan Bus,2405774,Metropolitan
2021-10-01,2021,10,October,Metropolitan Bus,3435761,Metropolitan
2021-11-01,2021,11,November,Metropolitan Bus,6453897,Metropolitan
2021-12-01,2021,12,December,Metropolitan Bus,5912880,Metropolitan
2022-01-01,2022,1,January,Metropolitan Bus,4124071,Metropolitan
2022-02-01,2022,2,February,Metropolitan Bus,6205045,Metropolitan
2022-03-01,2022,3,March,Metropolitan Bus,8476974,Metropolitan
2022-04-01,2022,4,April,Metropolitan Bus,6870377,Metropolitan
2022-05-01,2022,5,May,Metropolitan Bus,7779324,Metropolitan
2022-06-01,2022,6,June,Metropolitan Bus,6943793,Metropolitan
2022-07-01,2022,7,July,Metropolitan Bus,7332966,Metropolitan
2022-08-01,2022,8,August,Metropolitan Bus,8338393,Metropolitan
2022-09-01,2022,9,September,Metropolitan Bus,7472155,Metropolitan
2022-10-01,2022,10,October,Metropolitan Bus,8156542,Metropolitan
2022-11-01,2022,11,November,Metropolitan Bus,8312554,Metropolitan
2022-12-01,2022,12,December,Metropolitan Bus,7434002,Metropolitan
2023-01-01,2023,1,January,Metropolitan Bus,7090984,Metropolitan
2023-02-01,2023,2,February,Metropolitan Bus,8608284,Metropolitan
2023-03-01,2023,3,March,Metropolitan Bus,10301621,Metropolitan
2023-04-01,2023,4,April,Metropolitan Bus,8124564,Metropolitan
2023-05-01,2023,5,May,Metropolitan Bus,9848630,Metropolitan
2023-06-01,2023,6,June,Metropolitan Bus,8635816,Metropolitan
2023-07-01,2023,7,July,Metropolitan Bus,9219892,Metropolitan
2023-08-01,2023,8,August,Metropolitan Bus,10304037,Metropolitan
2023-09-01,2023,9,September,Metropolitan Bus,9260131,Metropolitan
2023-10-01,2023,10,October,Metropolitan Bus,10083249,Metropolitan
2023-11-01,2023,11,November,Metropolitan Bus,9872183,Metropolitan
2023-12-01,2023,12,December,Metropolitan Bus,8548817,Metropolitan
2024-01-01,2024,1,January,Metropolitan Bus,8335210,Metropolitan
2024-02-01,2024,2,February,Metropolitan Bus,10441479,Metropolitan
2024-03-01,2024,3,March,Metropolitan Bus,10596736,Metropolitan
2024-04-01,2024,4,April,Metropolitan Bus,9271098,Metropolitan
2024-05-01,2024,5,May,Metropolitan Bus,10256661,Metropolitan
2024-06-01,2024,6,June,Metropolitan Bus,8706404,Metropolitan
2024-07-01,2024,7,July,Metropolitan Bus,9829583,Metropolitan
2024-08-01,2024,8,August,Metropolitan Bus,10737761,Metropolitan
2024-09-01,2024,9,September,Metropolitan Bus,9188549,Metropolitan
2024-10-01,2024,10,October,Metropolitan Bus,10555383,Metropolitan
2024-11-01,2024,11,November,Metropolitan Bus,9323924,Metropolitan
2024-12-01,2024,12,December,Metropolitan Bus,8687979,Metropolitan
2025-01-01,2025,1,January,Metropolitan Bus,8183939,Metropolitan
2025-02-01,2025,2,February,Metropolitan Bus,9179004,Metropolitan
2025-03-01,2025,3,March,Metropolitan Bus,10650660,Metropolitan
2025-04-01,2025,4,April,Metropolitan Bus,9353277,Metropolitan
2025-05-01,2025,5,May,Metropolitan Bus,10384586,Metropolitan
2025-06-01,2025,6,June,Metropolitan Bus,8809813,Metropolitan
2025-07-01,2025,7,July,Metropolitan Bus,9573219,Metropolitan
2025-08-01,2025,8,August,Metropolitan Bus,9969102,Metropolitan
2025-09-01,2025,9,September,Metropolitan Bus,9143531,Metropolitan
2025-10-01,2025,10,October,Metropolitan Bus,10077976,Metropolitan
2025-11-01,2025,11,November,Metropolitan Bus,8815809,Metropolitan
2025-12-01,2025,12,December,Metropolitan Bus,8281774,Metropolitan
2026-01-01,2026,1,January,Metropolitan Bus,7624940,Metropolitan
2026-02-01,2026,2,February,Metropolitan Bus,8978955,Metropolitan
2026-03-01,2026,3,March,Metropolitan Bus,10566169,Metropolitan
2026-04-01,2026,4,April,Metropolitan Bus,10494458,Metropolitan
2026-05-01,2026,5,May,Metropolitan Bus,10995277,Metropolitan
2026-06-01,2026,6,June,Metropolitan Bus,10013073,Metropolitan
2018-01-01,2018,1,January,V/Line Train,1466256,Regional/VLine
2018-02-01,2018,2,February,V/Line Train,1522981,Regional/VLine
2018-03-01,2018,3,March,V/Line Train,1809774,Regional/VLine
2018-04-01,2018,4,April,V/Line Train,1684827,Regional/VLine
2018-05-01,2018,5,May,V/Line Train,1790656,Regional/VLine
2018-06-01,2018,6,June,V/Line Train,1535636,Regional/VLine
2018-07-01,2018,7,July,V/Line Train,1799245,Regional/VLine
2018-08-01,2018,8,August,V/Line Train,1845673,Regional/VLine
2018-09-01,2018,9,September,V/Line Train,1676490,Regional/VLine
2018-10-01,2018,10,October,V/Line Train,1872410,Regional/VLine
2018-11-01,2018,11,November,V/Line Train,1755492,Regional/VLine
2018-12-01,2018,12,December,V/Line Train,1534399,Regional/VLine
2019-01-01,2019,1,January,V/Line Train,1532342,Regional/VLine
2019-02-01,2019,2,February,V/Line Train,1676391,Regional/VLine
2019-03-01,2019,3,March,V/Line Train,1916630,Regional/VLine
2019-04-01,2019,4,April,V/Line Train,1722745,Regional/VLine
2019-05-01,2019,5,May,V/Line Train,2007166,Regional/VLine
2019-06-01,2019,6,June,V/Line Train,1704331,Regional/VLine
2019-07-01,2019,7,July,V/Line Train,1898701,Regional/VLine
2019-08-01,2019,8,August,V/Line Train,1981136,Regional/VLine
2019-09-01,2019,9,September,V/Line Train,1805116,Regional/VLine
2019-10-01,2019,10,October,V/Line Train,1927784,Regional/VLine
2019-11-01,2019,11,November,V/Line Train,1728907,Regional/VLine
2019-12-01,2019,12,December,V/Line Train,1648394,Regional/VLine
2020-01-01,2020,1,January,V/Line Train,1684792,Regional/VLine
2020-02-01,2020,2,February,V/Line Train,1771293,Regional/VLine
2020-03-01,2020,3,March,V/Line Train,1252698,Regional/VLine
2020-04-01,2020,4,April,V/Line Train,245905,Regional/VLine
2020-05-01,2020,5,May,V/Line Train,374640,Regional/VLine
2020-06-01,2020,6,June,V/Line Train,580767,Regional/VLine
2020-07-01,2020,7,July,V/Line Train,425103,Regional/VLine
2020-08-01,2020,8,August,V/Line Train,222256,Regional/VLine
2020-09-01,2020,9,September,V/Line Train,257723,Regional/VLine
2020-10-01,2020,10,October,V/Line Train,365653,Regional/VLine
2020-11-01,2020,11,November,V/Line Train,593115,Regional/VLine
2020-12-01,2020,12,December,V/Line Train,894120,Regional/VLine
2021-01-01,2021,1,January,V/Line Train,738979,Regional/VLine
2021-02-01,2021,2,February,V/Line Train,759259,Regional/VLine
2021-03-01,2021,3,March,V/Line Train,1182831,Regional/VLine
2021-04-01,2021,4,April,V/Line Train,1199886,Regional/VLine
2021-05-01,2021,5,May,V/Line Train,1117254,Regional/VLine
2021-06-01,2021,6,June,V/Line Train,624054,Regional/VLine
2021-07-01,2021,7,July,V/Line Train,688891,Regional/VLine
2021-08-01,2021,8,August,V/Line Train,444102,Regional/VLine
2021-09-01,2021,9,September,V/Line Train,257172,Regional/VLine
2021-10-01,2021,10,October,V/Line Train,376222,Regional/VLine
2021-11-01,2021,11,November,V/Line Train,759913,Regional/VLine
2021-12-01,2021,12,December,V/Line Train,994159,Regional/VLine
2022-01-01,2022,1,January,V/Line Train,675856,Regional/VLine
2022-02-01,2022,2,February,V/Line Train,865020,Regional/VLine
2022-03-01,2022,3,March,V/Line Train,1298156,Regional/VLine
2022-04-01,2022,4,April,V/Line Train,1220454,Regional/VLine
2022-05-01,2022,5,May,V/Line Train,1288118,Regional/VLine
2022-06-01,2022,6,June,V/Line Train,1239135,Regional/VLine
2022-07-01,2022,7,July,V/Line Train,1314106,Regional/VLine
2022-08-01,2022,8,August,V/Line Train,1349992,Regional/VLine
2022-09-01,2022,9,September,V/Line Train,1378784,Regional/VLine
2022-10-01,2022,10,October,V/Line Train,1388467,Regional/VLine
2022-11-01,2022,11,November,V/Line Train,1366061,Regional/VLine
2022-12-01,2022,12,December,V/Line Train,1372918,Regional/VLine
2023-01-01,2023,1,January,V/Line Train,1295225,Regional/VLine
2023-02-01,2023,2,February,V/Line Train,1424645,Regional/VLine
2023-03-01,2023,3,March,V/Line Train,1869164,Regional/VLine
2023-04-01,2023,4,April,V/Line Train,1469224,Regional/VLine
2023-05-01,2023,5,May,V/Line Train,1743181,Regional/VLine
2023-06-01,2023,6,June,V/Line Train,1693444,Regional/VLine
2023-07-01,2023,7,July,V/Line Train,1846565,Regional/VLine
2023-08-01,2023,8,August,V/Line Train,1807251,Regional/VLine
2023-09-01,2023,9,September,V/Line Train,1775964,Regional/VLine
2023-10-01,2023,10,October,V/Line Train,1849701,Regional/VLine
2023-11-01,2023,11,November,V/Line Train,1808656,Regional/VLine
2023-12-01,2023,12,December,V/Line Train,1759529,Regional/VLine
2024-01-01,2024,1,January,V/Line Train,1758433,Regional/VLine
2024-02-01,2024,2,February,V/Line Train,1781717,Regional/VLine
2024-03-01,2024,3,March,V/Line Train,2042080,Regional/VLine
2024-04-01,2024,4,April,V/Line Train,2009412,Regional/VLine
2024-05-01,2024,5,May,V/Line Train,2164662,Regional/VLine
2024-06-01,2024,6,June,V/Line Train,1882061,Regional/VLine
2024-07-01,2024,7,July,V/Line Train,2084437,Regional/VLine
2024-08-01,2024,8,August,V/Line Train,2122092,Regional/VLine
2024-09-01,2024,9,September,V/Line Train,1970804,Regional/VLine
2024-10-01,2024,10,October,V/Line Train,2277335,Regional/VLine
2024-11-01,2024,11,November,V/Line Train,2001615,Regional/VLine
2024-12-01,2024,12,December,V/Line Train,1977501,Regional/VLine
2025-01-01,2025,1,January,V/Line Train,1923083,Regional/VLine
2025-02-01,2025,2,February,V/Line Train,1927292,Regional/VLine
2025-03-01,2025,3,March,V/Line Train,2340160,Regional/VLine
2025-04-01,2025,4,April,V/Line Train,2107410,Regional/VLine
2025-05-01,2025,5,May,V/Line Train,2334482,Regional/VLine
2025-06-01,2025,6,June,V/Line Train,1995473,Regional/VLine
2025-07-01,2025,7,July,V/Line Train,2222082,Regional/VLine
2025-08-01,2025,8,August,V/Line Train,2230571,Regional/VLine
2025-09-01,2025,9,September,V/Line Train,2136275,Regional/VLine
2025-10-01,2025,10,October,V/Line Train,2286247,Regional/VLine
2025-11-01,2025,11,November,V/Line Train,2060472,Regional/VLine
2025-12-01,2025,12,December,V/Line Train,2157499,Regional/VLine
2026-01-01,2026,1,January,V/Line Train,1604510,Regional/VLine
2026-02-01,2026,2,February,V/Line Train,2009524,Regional/VLine
2026-03-01,2026,3,March,V/Line Train,2563042,Regional/VLine
2026-04-01,2026,4,April,V/Line Train,2952841,Regional/VLine
2026-05-01,2026,5,May,V/Line Train,2610488,Regional/VLine
2026-06-01,2026,6,June,V/Line Train,2270352,Regional/VLine
2018-01-01,2018,1,January,V/Line Coach,116568,Regional/VLine
2018-02-01,2018,2,February,V/Line Coach,103197,Regional/VLine
2018-03-01,2018,3,March,V/Line Coach,117180,Regional/VLine
2018-04-01,2018,4,April,V/Line Coach,107480,Regional/VLine
2018-05-01,2018,5,May,V/Line Coach,109456,Regional/VLine
2018-06-01,2018,6,June,V/Line Coach,101215,Regional/VLine
2018-07-01,2018,7,July,V/Line Coach,109103,Regional/VLine
2018-08-01,2018,8,August,V/Line Coach,110348,Regional/VLine
2018-09-01,2018,9,September,V/Line Coach,104525,Regional/VLine
2018-10-01,2018,10,October,V/Line Coach,121267,Regional/VLine
2018-11-01,2018,11,November,V/Line Coach,111699,Regional/VLine
2018-12-01,2018,12,December,V/Line Coach,113023,Regional/VLine
2019-01-01,2019,1,January,V/Line Coach,110708,Regional/VLine
2019-02-01,2019,2,February,V/Line Coach,103886,Regional/VLine
2019-03-01,2019,3,March,V/Line Coach,112302,Regional/VLine
2019-04-01,2019,4,April,V/Line Coach,111012,Regional/VLine
2019-05-01,2019,5,May,V/Line Coach,111604,Regional/VLine
2019-06-01,2019,6,June,V/Line Coach,98137,Regional/VLine
2019-07-01,2019,7,July,V/Line Coach,108706,Regional/VLine
2019-08-01,2019,8,August,V/Line Coach,107987,Regional/VLine
2019-09-01,2019,9,September,V/Line Coach,104419,Regional/VLine
2019-10-01,2019,10,October,V/Line Coach,115819,Regional/VLine
2019-11-01,2019,11,November,V/Line Coach,106782,Regional/VLine
2019-12-01,2019,12,December,V/Line Coach,110447,Regional/VLine
2020-01-01,2020,1,January,V/Line Coach,105751,Regional/VLine
2020-02-01,2020,2,February,V/Line Coach,99955,Regional/VLine
2020-03-01,2020,3,March,V/Line Coach,74665,Regional/VLine
2020-04-01,2020,4,April,V/Line Coach,17602,Regional/VLine
2020-05-01,2020,5,May,V/Line Coach,29670,Regional/VLine
2020-06-01,2020,6,June,V/Line Coach,51732,Regional/VLine
2020-07-01,2020,7,July,V/Line Coach,41425,Regional/VLine
2020-08-01,2020,8,August,V/Line Coach,17890,Regional/VLine
2020-09-01,2020,9,September,V/Line Coach,23051,Regional/VLine
2020-10-01,2020,10,October,V/Line Coach,36990,Regional/VLine
2020-11-01,2020,11,November,V/Line Coach,51260,Regional/VLine
2020-12-01,2020,12,December,V/Line Coach,74068,Regional/VLine
2021-01-01,2021,1,January,V/Line Coach,60026,Regional/VLine
2021-02-01,2021,2,February,V/Line Coach,54099,Regional/VLine
2021-03-01,2021,3,March,V/Line Coach,75765,Regional/VLine
2021-04-01,2021,4,April,V/Line Coach,75002,Regional/VLine
2021-05-01,2021,5,May,V/Line Coach,66206,Regional/VLine
2021-06-01,2021,6,June,V/Line Coach,46233,Regional/VLine
2021-07-01,2021,7,July,V/Line Coach,45599,Regional/VLine
2021-08-01,2021,8,August,V/Line Coach,33264,Regional/VLine
2021-09-01,2021,9,September,V/Line Coach,23838,Regional/VLine
2021-10-01,2021,10,October,V/Line Coach,33948,Regional/VLine
2021-11-01,2021,11,November,V/Line Coach,55165,Regional/VLine
2021-12-01,2021,12,December,V/Line Coach,67426,Regional/VLine
2022-01-01,2022,1,January,V/Line Coach,51750,Regional/VLine
2022-02-01,2022,2,February,V/Line Coach,57210,Regional/VLine
2022-03-01,2022,3,March,V/Line Coach,73664,Regional/VLine
2022-04-01,2022,4,April,V/Line Coach,73735,Regional/VLine
2022-05-01,2022,5,May,V/Line Coach,71603,Regional/VLine
2022-06-01,2022,6,June,V/Line Coach,70919,Regional/VLine
2022-07-01,2022,7,July,V/Line Coach,75239,Regional/VLine
2022-08-01,2022,8,August,V/Line Coach,74401,Regional/VLine
2022-09-01,2022,9,September,V/Line Coach,74648,Regional/VLine
2022-10-01,2022,10,October,V/Line Coach,68919,Regional/VLine
2022-11-01,2022,11,November,V/Line Coach,74053,Regional/VLine
2022-12-01,2022,12,December,V/Line Coach,85612,Regional/VLine
2023-01-01,2023,1,January,V/Line Coach,84946,Regional/VLine
2023-02-01,2023,2,February,V/Line Coach,77949,Regional/VLine
2023-03-01,2023,3,March,V/Line Coach,88964,Regional/VLine
2023-04-01,2023,4,April,V/Line Coach,89335,Regional/VLine
2023-05-01,2023,5,May,V/Line Coach,95859,Regional/VLine
2023-06-01,2023,6,June,V/Line Coach,94894,Regional/VLine
2023-07-01,2023,7,July,V/Line Coach,99755,Regional/VLine
2023-08-01,2023,8,August,V/Line Coach,98413,Regional/VLine
2023-09-01,2023,9,September,V/Line Coach,100982,Regional/VLine
2023-10-01,2023,10,October,V/Line Coach,106717,Regional/VLine
2023-11-01,2023,11,November,V/Line Coach,104648,Regional/VLine
2023-12-01,2023,12,December,V/Line Coach,111120,Regional/VLine
2024-01-01,2024,1,January,V/Line Coach,113350,Regional/VLine
2024-02-01,2024,2,February,V/Line Coach,104337,Regional/VLine
2024-03-01,2024,3,March,V/Line Coach,112283,Regional/VLine
2024-04-01,2024,4,April,V/Line Coach,114813,Regional/VLine
2024-05-01,2024,5,May,V/Line Coach,109868,Regional/VLine
2024-06-01,2024,6,June,V/Line Coach,104351,Regional/VLine
2024-07-01,2024,7,July,V/Line Coach,110936,Regional/VLine
2024-08-01,2024,8,August,V/Line Coach,108656,Regional/VLine
2024-09-01,2024,9,September,V/Line Coach,107465,Regional/VLine
2024-10-01,2024,10,October,V/Line Coach,126770,Regional/VLine
2024-11-01,2024,11,November,V/Line Coach,112359,Regional/VLine
2024-12-01,2024,12,December,V/Line Coach,121320,Regional/VLine
2025-01-01,2025,1,January,V/Line Coach,122422,Regional/VLine
2025-02-01,2025,2,February,V/Line Coach,104244,Regional/VLine
2025-03-01,2025,3,March,V/Line Coach,119824,Regional/VLine
2025-04-01,2025,4,April,V/Line Coach,116481,Regional/VLine
2025-05-01,2025,5,May,V/Line Coach,111430,Regional/VLine
2025-06-01,2025,6,June,V/Line Coach,110283,Regional/VLine
2025-07-01,2025,7,July,V/Line Coach,113079,Regional/VLine
2025-08-01,2025,8,August,V/Line Coach,106863,Regional/VLine
2025-09-01,2025,9,September,V/Line Coach,105410,Regional/VLine
2025-10-01,2025,10,October,V/Line Coach,118470,Regional/VLine
2025-11-01,2025,11,November,V/Line Coach,107793,Regional/VLine
2025-12-01,2025,12,December,V/Line Coach,122578,Regional/VLine
2026-01-01,2026,1,January,V/Line Coach,110891,Regional/VLine
2026-02-01,2026,2,February,V/Line Coach,98580,Regional/VLine
2026-03-01,2026,3,March,V/Line Coach,128047,Regional/VLine
2026-04-01,2026,4,April,V/Line Coach,153998,Regional/VLine
2026-05-01,2026,5,May,V/Line Coach,142874,Regional/VLine
2026-06-01,2026,6,June,V/Line Coach,83590,Regional/VLine
2018-01-01,2018,1,January,Regional Bus,721229,Regional/VLine
2018-02-01,2018,2,February,Regional Bus,1118494,Regional/VLine
2018-03-01,2018,3,March,Regional Bus,1224816,Regional/VLine
2018-04-01,2018,4,April,Regional Bus,946218,Regional/VLine
2018-05-01,2018,5,May,Regional Bus,1258704,Regional/VLine
2018-06-01,2018,6,June,Regional Bus,1077970,Regional/VLine
2018-07-01,2018,7,July,Regional Bus,967622,Regional/VLine
2018-08-01,2018,8,August,Regional Bus,1261319,Regional/VLine
2018-09-01,2018,9,September,Regional Bus,1033758,Regional/VLine
2018-10-01,2018,10,October,Regional Bus,1232418,Regional/VLine
2018-11-01,2018,11,November,Regional Bus,1182863,Regional/VLine
2018-12-01,2018,12,December,Regional Bus,878944,Regional/VLine
2019-01-01,2019,1,January,Regional Bus,748369,Regional/VLine
2019-02-01,2019,2,February,Regional Bus,1201991,Regional/VLine
2019-03-01,2019,3,March,Regional Bus,1232933,Regional/VLine
2019-04-01,2019,4,April,Regional Bus,961318,Regional/VLine
2019-05-01,2019,5,May,Regional Bus,1287180,Regional/VLine
2019-06-01,2019,6,June,Regional Bus,1084632,Regional/VLine
2019-07-01,2019,7,July,Regional Bus,1083306,Regional/VLine
2019-08-01,2019,8,August,Regional Bus,1275349,Regional/VLine
2019-09-01,2019,9,September,Regional Bus,1089826,Regional/VLine
2019-10-01,2019,10,October,Regional Bus,1212228,Regional/VLine
2019-11-01,2019,11,November,Regional Bus,1126220,Regional/VLine
2019-12-01,2019,12,December,Regional Bus,873469,Regional/VLine
2020-01-01,2020,1,January,Regional Bus,764361,Regional/VLine
2020-02-01,2020,2,February,Regional Bus,1276038,Regional/VLine
2020-03-01,2020,3,March,Regional Bus,947946,Regional/VLine
2020-04-01,2020,4,April,Regional Bus,227342,Regional/VLine
2020-05-01,2020,5,May,Regional Bus,368116,Regional/VLine
2020-06-01,2020,6,June,Regional Bus,763812,Regional/VLine
2020-07-01,2020,7,July,Regional Bus,769837,Regional/VLine
2020-08-01,2020,8,August,Regional Bus,343285,Regional/VLine
2020-09-01,2020,9,September,Regional Bus,380397,Regional/VLine
2020-10-01,2020,10,October,Regional Bus,848872,Regional/VLine
2020-11-01,2020,11,November,Regional Bus,911034,Regional/VLine
2020-12-01,2020,12,December,Regional Bus,666297,Regional/VLine
2021-01-01,2021,1,January,Regional Bus,484867,Regional/VLine
2021-02-01,2021,2,February,Regional Bus,797454,Regional/VLine
2021-03-01,2021,3,March,Regional Bus,1009127,Regional/VLine
2021-04-01,2021,4,April,Regional Bus,697503,Regional/VLine
2021-05-01,2021,5,May,Regional Bus,811685,Regional/VLine
2021-06-01,2021,6,June,Regional Bus,693393,Regional/VLine
2021-07-01,2021,7,July,Regional Bus,599227,Regional/VLine
2021-08-01,2021,8,August,Regional Bus,707880,Regional/VLine
2021-09-01,2021,9,September,Regional Bus,451102,Regional/VLine
2021-10-01,2021,10,October,Regional Bus,656824,Regional/VLine
2021-11-01,2021,11,November,Regional Bus,855704,Regional/VLine
2021-12-01,2021,12,December,Regional Bus,688849,Regional/VLine
2022-01-01,2022,1,January,Regional Bus,549859,Regional/VLine
2022-02-01,2022,2,February,Regional Bus,985731,Regional/VLine
2022-03-01,2022,3,March,Regional Bus,1060923,Regional/VLine
2022-04-01,2022,4,April,Regional Bus,838558,Regional/VLine
2022-05-01,2022,5,May,Regional Bus,1121794,Regional/VLine
2022-06-01,2022,6,June,Regional Bus,926422,Regional/VLine
2022-07-01,2022,7,July,Regional Bus,975473,Regional/VLine
2022-08-01,2022,8,August,Regional Bus,1098964,Regional/VLine
2022-09-01,2022,9,September,Regional Bus,858200,Regional/VLine
2022-10-01,2022,10,October,Regional Bus,1159113,Regional/VLine
2022-11-01,2022,11,November,Regional Bus,1035487,Regional/VLine
2022-12-01,2022,12,December,Regional Bus,863993,Regional/VLine
2023-01-01,2023,1,January,Regional Bus,820221,Regional/VLine
2023-02-01,2023,2,February,Regional Bus,1096006,Regional/VLine
2023-03-01,2023,3,March,Regional Bus,1247122,Regional/VLine
2023-04-01,2023,4,April,Regional Bus,938444,Regional/VLine
2023-05-01,2023,5,May,Regional Bus,1222849,Regional/VLine
2023-06-01,2023,6,June,Regional Bus,1049480,Regional/VLine
2023-07-01,2023,7,July,Regional Bus,1148259,Regional/VLine
2023-08-01,2023,8,August,Regional Bus,1255113,Regional/VLine
2023-09-01,2023,9,September,Regional Bus,1103635,Regional/VLine
2023-10-01,2023,10,October,Regional Bus,1242909,Regional/VLine
2023-11-01,2023,11,November,Regional Bus,1190730,Regional/VLine
2023-12-01,2023,12,December,Regional Bus,1009701,Regional/VLine
2024-01-01,2024,1,January,Regional Bus,841044,Regional/VLine
2024-02-01,2024,2,February,Regional Bus,1115173,Regional/VLine
2024-03-01,2024,3,March,Regional Bus,1116628,Regional/VLine
2024-04-01,2024,4,April,Regional Bus,1056862,Regional/VLine
2024-05-01,2024,5,May,Regional Bus,1247979,Regional/VLine
2024-06-01,2024,6,June,Regional Bus,994915,Regional/VLine
2024-07-01,2024,7,July,Regional Bus,1068435,Regional/VLine
2024-08-01,2024,8,August,Regional Bus,1183307,Regional/VLine
2024-09-01,2024,9,September,Regional Bus,1027230,Regional/VLine
2024-10-01,2024,10,October,Regional Bus,1193762,Regional/VLine
2024-11-01,2024,11,November,Regional Bus,940930,Regional/VLine
2024-12-01,2024,12,December,Regional Bus,921439,Regional/VLine
2025-01-01,2025,1,January,Regional Bus,782149,Regional/VLine
2025-02-01,2025,2,February,Regional Bus,1025310,Regional/VLine
2025-03-01,2025,3,March,Regional Bus,1147175,Regional/VLine
2025-04-01,2025,4,April,Regional Bus,961133,Regional/VLine
2025-05-01,2025,5,May,Regional Bus,1110728,Regional/VLine
2025-06-01,2025,6,June,Regional Bus,962106,Regional/VLine
2025-07-01,2025,7,July,Regional Bus,956183,Regional/VLine
2025-08-01,2025,8,August,Regional Bus,990904,Regional/VLine
2025-09-01,2025,9,September,Regional Bus,940369,Regional/VLine
2025-10-01,2025,10,October,Regional Bus,1117069,Regional/VLine
2025-11-01,2025,11,November,Regional Bus,936233,Regional/VLine
2025-12-01,2025,12,December,Regional Bus,895411,Regional/VLine
2026-01-01,2026,1,January,Regional Bus,771902,Regional/VLine
2026-02-01,2026,2,February,Regional Bus,970908,Regional/VLine
2026-03-01,2026,3,March,Regional Bus,1142533,Regional/VLine
2026-04-01,2026,4,April,Regional Bus,981510,Regional/VLine
2026-05-01,2026,5,May,Regional Bus,1098646,Regional/VLine
2026-06-01,2026,6,June,Regional Bus,1187220,Regional/VLine
